Tallinn,
Tartu,
Narva,
Pärnu,
Kohtla-Järve,
Viljandi,
Maardu,
Rakvere,
Kuressaare,
Sillamäe,
Valga,
Võru,
Jõhvi,
Keila,
Haapsalu,
Paide,
Tapa,
Elva,
Saue,
Kiviõli,
Põlva,
Türi,
Jõgeva,
Rapla,
Põltsamaa,
Paldiski,
Sindi,
Kärdla,
Kunda,
Kehra,
Tõrva,
Narva-Jõesuu,
Räpina,
Tamsalu,
Järveküla,
Otepää,
Randvere,
Muraste,
Pärnamäe,
Kilingi-Nõmme,
Alliku,
Lohkva,
Karksi-Nuia,
Tammiste,
Antsla,
Püünsi,
Võhma,
Lihula,
Mustvee,
Vastse-Kuuste,
Rae,
Suurupi,
Vääna-Jõesuu,
Soinaste,
Papsaare,
Tiskre,
Suure-Jaani,
Abja-Paluoja,
Uulu,
Kuusalu,
Kurepalu,
Linaküla,
Liiva,
Ruhnu,
Hullo,
Jõelähtme,
Loksa,
Viimsi,
Kohila,
Saku,
Väike-Maarja,
Kadrina,
Märjamaa,
Ülenurme,
Jüri,
Kose,
Vändra,
Aruküla,
Sõmeru,
Nõo,
Järva-Jaani,
Kiili,
Iisaku,
Rõuge,
Toila,
Haljala,
Luunja,
Alatskivi,
Pajusti,
Harku,
Järvakandi,
Kanepi,
Värska,
Kõrveküla,
Taebla